food,weight_g,calories,protein,carbs,fat
rice,73.5,95.55,1.9845000000000002,20.727,0.2205
Japanese tofu and vegetable chowder,36.2,21.720000000000002,1.4480000000000002,2.172,0.7240000000000001
