food,weight_g,calories,protein,carbs,fat
rice,105.3,136.89,2.8431,29.694599999999998,0.31589999999999996
sashimi,104.0,145.6,23.92,0.0,4.16
steamed egg hotchpotch,54.9,38.42999999999999,3.8429999999999995,1.6469999999999998,1.6469999999999998
