calories,protein,carbs,fat
117.17999999999998,4.2341999999999995,20.707199999999997,1.4387999999999999
