food,weight_g,calories,protein,carbs,fat
miso soup,83.0,33.199999999999996,2.4899999999999998,2.4899999999999998,1.2449999999999999
rice,64.6,83.97999999999999,1.7442,18.2172,0.19379999999999997
